USER_NAME,AGE,HEIGHT,GENDER,SALE_AMOUNT,LAST_PURCHASE_DATE
Steven Fisher,78,141,F,99824,2020-10-01T10:15:30Z
May Wong,37,189,M,86489,2020-10-01T10:15:30Z
Tommy Parker,74,172,F,67859,2015-07-15T15:15:30Z
Steven Law,43,177,M,29456,2015-07-15T15:15:30Z
May Law,16,145,F,14789,2020-11-05T13:15:30Z
Ben Parker,39,158,F,95765,2020-11-05T13:15:30Z
Steven Tam,76,164,F,76723,2020-05-29T21:15:30Z
David Wong,31,140,F,91598,2020-10-01T10:15:30Z
Steven Parker,36,164,M,74856,2020-09-01T13:15:30Z
May King,17,186,F,43939,2019-01-15T13:15:30Z
Tommy Fisher,59,143,F,77417,2020-08-23T01:01:30Z
Tom Tam,76,145,M,76877,2015-07-15T15:15:30Z
David Chan,42,186,F,75960,2014-02-15T11:14:30Z
May Bohi,21,182,M,90599,2020-05-29T21:15:30Z
Vanessa King,74,159,F,60678,2015-07-15T15:15:30Z
Vanessa Law,24,179,M,92270,2020-10-01T10:15:30Z
Vanessa Wong,57,184,F,77729,2017-06-08T12:15:30Z
Ben Ling,16,165,F,43926,2019-01-15T13:15:30Z
May Law,50,158,F,30740,2020-10-01T10:15:30Z
David Ling,43,183,F,60121,2020-01-25T18:15:30Z
Vanessa Ling,43,153,M,24761,2020-10-01T10:15:30Z
David Ginger,78,186,F,41088,2020-08-23T01:01:30Z
Barry Chan,74,171,M,36424,2015-07-15T15:15:30Z
Vanessa Fisher,30,185,F,63481,2014-02-15T11:14:30Z
Ben Chan,75,168,M,18823,2019-01-15T13:15:30Z
Steven Ling,22,158,F,97169,2017-06-08T12:15:30Z
Steven Tam,60,174,F,72592,2020-11-05T13:15:30Z
Kenny King,70,156,F,52001,2019-01-15T13:15:30Z
Barry Bohi,45,158,M,18788,2020-05-29T21:15:30Z
May Law,28,147,M,40095,2020-11-05T13:15:30Z
Ben Fisher,13,172,M,29482,2014-02-15T11:14:30Z
Vanessa Ling,78,170,F,6366,2014-02-15T11:14:30Z
David Ling,13,142,F,97141,2020-08-23T01:01:30Z
John Ginger,76,174,F,68690,2019-01-15T13:15:30Z
John Parker,64,159,F,81930,2020-09-01T13:15:30Z
Ben King,52,170,M,34182,2020-01-25T18:15:30Z
Tommy Wong,53,167,M,89658,2015-07-15T15:15:30Z
John King,62,180,F,52602,2020-10-01T10:15:30Z
Steven Bohi,29,150,M,94529,2014-02-15T11:14:30Z
Barry Ling,61,153,F,15291,2019-01-15T13:15:30Z
Ben King,22,174,M,53048,2014-02-15T11:14:30Z
Barry Fisher,25,149,M,87360,2019-01-15T13:15:30Z
Kenny King,52,141,F,67223,2020-11-05T13:15:30Z
May Tam,26,175,F,98196,2017-06-08T12:15:30Z
Vanessa Parker,10,168,M,9660,2014-02-15T11:14:30Z
John Parker,54,149,F,39346,2020-09-01T13:15:30Z
Kenny Bohi,17,184,M,56242,2020-05-29T21:15:30Z
Vanessa Ling,34,168,F,7123,2020-09-01T13:15:30Z
Tom Ginger,25,143,F,62663,2017-06-08T12:15:30Z
Barry Parker,65,154,F,5256,2015-07-15T15:15:30Z
Barry Ling,67,183,M,22258,2014-02-15T11:14:30Z
Kenny Wong,48,190,M,24411,2014-02-15T11:14:30Z
May Bohi,25,148,M,61570,2019-01-15T13:15:30Z
Kenny Law,43,179,M,7303,2014-02-15T11:14:30Z
Tom King,31,157,F,19068,2020-01-25T18:15:30Z
Steven Chan,63,143,F,41539,2017-06-08T12:15:30Z
Barry Ginger,44,188,M,49343,2020-01-25T18:15:30Z
Barry Parker,18,173,M,81604,2014-02-15T11:14:30Z
John Law,22,169,M,21591,2020-09-01T13:15:30Z
Ben Fisher,16,162,F,29167,2020-01-25T18:15:30Z
Barry Fisher,27,179,M,42963,2020-09-01T13:15:30Z
May Ginger,22,187,M,68807,2020-10-01T10:15:30Z
Steven Fisher,17,148,M,40942,2020-05-29T21:15:30Z
Barry Ling,77,178,F,58786,2020-01-25T18:15:30Z
David King,52,141,F,82541,2017-06-08T12:15:30Z
Steven Ginger,25,176,F,66247,2020-01-25T18:15:30Z
Ben Tam,28,159,F,93663,2020-09-01T13:15:30Z
May Tam,70,159,M,71458,2020-10-01T10:15:30Z
Vanessa Parker,33,150,F,20841,2019-01-15T13:15:30Z
Tommy Law,27,142,F,38660,2020-05-29T21:15:30Z
Tom Chan,18,174,F,52877,2020-05-29T21:15:30Z
May Tam,31,156,M,87959,2020-08-23T01:01:30Z
Tommy Chan,43,184,M,90557,2020-09-01T13:15:30Z
Ben Wong,66,178,F,22651,2017-06-08T12:15:30Z
Vanessa Wong,60,154,M,77616,2017-06-08T12:15:30Z
Kenny Chan,49,155,M,83241,2015-07-15T15:15:30Z
Vanessa Bohi,73,148,F,35510,2019-01-15T13:15:30Z
Tommy Law,27,158,F,57989,2020-08-23T01:01:30Z
Ben Tam,10,166,F,99086,2020-10-01T10:15:30Z
Kenny Chan,46,140,M,41776,2017-06-08T12:15:30Z
Ben Ginger,28,154,F,65088,2020-08-23T01:01:30Z
Tom Bohi,79,155,F,98009,2020-10-01T10:15:30Z
May Wong,34,165,M,68252,2020-10-01T10:15:30Z
Vanessa Ling,59,173,M,63604,2017-06-08T12:15:30Z
David Ling,67,188,F,47665,2014-02-15T11:14:30Z
Ben King,17,151,F,22808,2019-01-15T13:15:30Z
John Tam,16,175,F,31853,2020-05-29T21:15:30Z
Kenny Chan,34,147,F,54396,2015-07-15T15:15:30Z
Steven Tam,50,184,M,45739,2020-05-29T21:15:30Z
Steven Ginger,66,157,M,96631,2014-02-15T11:14:30Z
Ben Parker,72,180,F,75735,2015-07-15T15:15:30Z
Barry Law,71,154,M,17654,2020-10-01T10:15:30Z
Kenny Tam,52,167,F,36379,2020-10-01T10:15:30Z
Tommy Tam,55,174,M,5331,2019-01-15T13:15:30Z
Tommy Ginger,43,182,F,99403,2020-10-01T10:15:30Z
Tommy Parker,73,159,M,89366,2019-01-15T13:15:30Z
Ben Parker,63,147,F,46453,2015-07-15T15:15:30Z
John Fisher,44,180,F,11729,2014-02-15T11:14:30Z
Kenny Chan,64,153,F,85033,2020-09-01T13:15:30Z
Ben Fisher,73,170,F,85103,2019-01-15T13:15:30Z
May Fisher,16,158,M,62146,2017-06-08T12:15:30Z
Barry Ginger,27,161,M,38567,2020-09-01T13:15:30Z
Ben Ginger,48,171,M,13649,2020-08-23T01:01:30Z
Barry Chan,62,162,F,80195,2019-01-15T13:15:30Z
Steven Ling,71,146,M,86576,2020-09-01T13:15:30Z
Steven Chan,30,181,M,85909,2020-10-01T10:15:30Z
May King,49,189,M,43921,2020-11-05T13:15:30Z
Tom Parker,33,145,M,2721,2020-01-25T18:15:30Z
Ben King,52,184,M,81197,2017-06-08T12:15:30Z
Barry Bohi,77,164,M,99504,2020-11-05T13:15:30Z
Tom Tam,18,158,M,84481,2020-10-01T10:15:30Z
David Chan,42,156,F,66607,2020-09-01T13:15:30Z
Kenny Fisher,27,144,F,76738,2020-05-29T21:15:30Z
May Bohi,27,182,F,6730,2020-10-01T10:15:30Z
John Bohi,80,168,F,56500,2015-07-15T15:15:30Z
David Ginger,64,188,F,63776,2020-09-01T13:15:30Z
Steven Fisher,45,149,F,52890,2020-11-05T13:15:30Z
John Fisher,77,185,M,17134,2020-05-29T21:15:30Z
John Tam,41,164,F,2225,2020-11-05T13:15:30Z
Tom Law,44,140,M,74132,2019-01-15T13:15:30Z
May King,27,166,M,81907,2014-02-15T11:14:30Z
Tommy Ling,10,189,M,41761,2020-09-01T13:15:30Z
Vanessa Tam,71,161,F,22187,2014-02-15T11:14:30Z
David Chan,28,168,M,28093,2020-01-25T18:15:30Z
Tommy Fisher,74,175,M,34957,2014-02-15T11:14:30Z
Vanessa Ginger,24,149,M,97274,2020-08-23T01:01:30Z
Tom Ling,13,163,F,70650,2020-01-25T18:15:30Z
John Tam,20,170,M,24138,2014-02-15T11:14:30Z
Ben Bohi,53,172,M,20549,2020-09-01T13:15:30Z
Ben Wong,63,166,F,70066,2017-06-08T12:15:30Z
David Ginger,80,159,M,62521,2020-05-29T21:15:30Z
Tommy Bohi,63,151,M,56743,2014-02-15T11:14:30Z
May Wong,15,187,M,12932,2019-01-15T13:15:30Z
May Ling,38,145,M,18212,2020-09-01T13:15:30Z
Barry King,26,186,M,44023,2020-05-29T21:15:30Z
Kenny Wong,32,165,F,74523,2017-06-08T12:15:30Z
Barry Law,69,146,M,15947,2014-02-15T11:14:30Z
Vanessa Law,10,143,F,50606,2014-02-15T11:14:30Z
Kenny Tam,29,161,F,66602,2020-05-29T21:15:30Z
Barry Ginger,14,155,F,36484,2020-08-23T01:01:30Z
John Chan,78,156,F,66045,2020-08-23T01:01:30Z
Ben Law,66,142,F,67240,2014-02-15T11:14:30Z
May Fisher,67,171,M,535,2020-05-29T21:15:30Z
David Law,57,170,M,59362,2020-05-29T21:15:30Z
Tom Parker,26,169,F,8025,2014-02-15T11:14:30Z
May Bohi,16,165,F,13972,2020-05-29T21:15:30Z
Barry Ginger,52,141,F,26565,2020-08-23T01:01:30Z
Barry Fisher,17,166,F,57123,2020-08-23T01:01:30Z
May Law,38,168,F,72762,2020-09-01T13:15:30Z
Kenny Fisher,58,158,M,45250,2020-10-01T10:15:30Z
Steven Chan,61,170,M,56708,2020-09-01T13:15:30Z
Kenny King,32,174,F,12634,2020-10-01T10:15:30Z
David Tam,24,157,M,91876,2020-09-01T13:15:30Z
Kenny Tam,58,171,M,73999,2015-07-15T15:15:30Z
Tom Fisher,73,161,F,7875,2020-09-01T13:15:30Z
Vanessa Ling,13,151,M,81249,2014-02-15T11:14:30Z
Vanessa Law,37,179,M,8589,2020-09-01T13:15:30Z
David Tam,19,178,F,7894,2020-08-23T01:01:30Z
Steven Wong,40,175,F,95103,2020-10-01T10:15:30Z
John Tam,25,175,M,67713,2020-09-01T13:15:30Z
Barry Chan,44,183,M,18508,2020-08-23T01:01:30Z
Barry Tam,15,176,F,86152,2020-01-25T18:15:30Z
Tom Wong,12,148,F,72514,2014-02-15T11:14:30Z
Tommy Ling,53,173,M,99399,2020-09-01T13:15:30Z
Barry Wong,56,141,F,40549,2020-11-05T13:15:30Z
Steven Tam,47,180,F,82095,2020-05-29T21:15:30Z
May Ling,31,163,F,14943,2017-06-08T12:15:30Z
Barry Bohi,32,148,F,67385,2019-01-15T13:15:30Z
Barry Ling,13,143,F,15364,2015-07-15T15:15:30Z
David Tam,41,165,F,58814,2017-06-08T12:15:30Z
David Wong,55,152,F,86354,2017-06-08T12:15:30Z
Steven Ling,57,171,M,89501,2020-01-25T18:15:30Z
Vanessa King,52,172,M,4786,2019-01-15T13:15:30Z
John Ginger,68,172,M,66511,2020-05-29T21:15:30Z
Barry Chan,31,163,M,60688,2020-11-05T13:15:30Z
Kenny King,66,157,F,82254,2015-07-15T15:15:30Z
May Ginger,12,181,M,50311,2020-01-25T18:15:30Z
Ben Ginger,35,174,F,77381,2019-01-15T13:15:30Z
Vanessa Ling,40,186,F,94204,2020-05-29T21:15:30Z
David Tam,76,156,M,14563,2017-06-08T12:15:30Z
Kenny Ling,55,168,M,12840,2020-11-05T13:15:30Z
Kenny Fisher,63,162,M,65317,2014-02-15T11:14:30Z
May King,32,177,F,71543,2020-05-29T21:15:30Z
Vanessa Parker,59,148,M,9152,2020-10-01T10:15:30Z
Steven Bohi,60,168,F,51800,2020-01-25T18:15:30Z
Barry Fisher,27,181,M,50237,2020-05-29T21:15:30Z
Steven Ling,49,166,F,26499,2020-01-25T18:15:30Z
May King,69,170,F,10066,2020-05-29T21:15:30Z
Tom Ling,60,149,F,60142,2019-01-15T13:15:30Z
Barry Tam,29,159,F,71698,2020-05-29T21:15:30Z
May Parker,72,152,M,18520,2020-08-23T01:01:30Z
Tommy Wong,80,153,F,48122,2020-10-01T10:15:30Z
David Tam,50,163,F,27301,2014-02-15T11:14:30Z
David Wong,44,190,F,93761,2020-01-25T18:15:30Z
Ben Bohi,65,148,M,9659,2020-10-01T10:15:30Z
Vanessa King,71,156,F,79510,2020-08-23T01:01:30Z
Vanessa Ginger,37,183,M,1348,2020-05-29T21:15:30Z
Kenny Chan,49,150,M,15885,2019-01-15T13:15:30Z
Kenny Bohi,68,190,F,33036,2020-11-05T13:15:30Z
Ben Ginger,65,170,F,84045,2020-01-25T18:15:30Z
Steven Fisher,64,189,M,64111,2020-10-01T10:15:30Z
Ben Ginger,72,162,M,31264,2020-08-23T01:01:30Z
Barry Law,73,150,F,85471,2017-06-08T12:15:30Z
May King,39,174,M,86486,2020-05-29T21:15:30Z
Tom Parker,21,149,F,64291,2017-06-08T12:15:30Z
David Parker,39,159,F,52138,2020-10-01T10:15:30Z
John Wong,73,176,M,80918,2015-07-15T15:15:30Z
Ben Wong,55,172,F,18260,2020-05-29T21:15:30Z
Ben Fisher,23,151,F,19952,2015-07-15T15:15:30Z
John King,22,147,F,96797,2020-09-01T13:15:30Z
Barry Tam,34,152,M,80263,2019-01-15T13:15:30Z
Barry Tam,46,143,M,55647,2020-08-23T01:01:30Z
May Fisher,23,166,M,8656,2020-10-01T10:15:30Z
Vanessa Chan,57,145,F,93625,2020-05-29T21:15:30Z
David Wong,19,146,M,52431,2020-09-01T13:15:30Z
Vanessa Fisher,61,187,M,3369,2020-09-01T13:15:30Z
Tommy Law,43,152,M,83865,2020-09-01T13:15:30Z
John Ling,67,156,M,8619,2014-02-15T11:14:30Z
Tom Wong,48,157,M,79126,2020-08-23T01:01:30Z
Tom King,41,179,F,98762,2019-01-15T13:15:30Z
Tom Wong,65,182,M,29808,2019-01-15T13:15:30Z
May Chan,23,150,F,13325,2020-05-29T21:15:30Z
John Chan,77,163,F,85329,2020-11-05T13:15:30Z
John Tam,66,190,F,48750,2020-05-29T21:15:30Z
Barry Wong,13,173,M,54729,2017-06-08T12:15:30Z
Vanessa Ling,34,169,F,77712,2020-05-29T21:15:30Z
Kenny Ling,76,188,M,12584,2020-05-29T21:15:30Z
Vanessa Wong,16,186,M,51952,2020-05-29T21:15:30Z
John Ling,38,142,M,24772,2015-07-15T15:15:30Z
Tommy Ling,46,151,M,172,2020-09-01T13:15:30Z
John Fisher,60,141,M,82702,2017-06-08T12:15:30Z
David Ling,68,150,F,69209,2014-02-15T11:14:30Z
May Bohi,52,188,M,57923,2014-02-15T11:14:30Z
Tommy Ling,21,158,F,41391,2020-10-01T10:15:30Z
Vanessa Law,68,184,F,48256,2020-01-25T18:15:30Z
Vanessa Parker,80,181,F,34708,2017-06-08T12:15:30Z
May Tam,68,141,M,59257,2017-06-08T12:15:30Z
David Tam,20,160,M,95821,2014-02-15T11:14:30Z
Ben Law,32,170,M,53141,2014-02-15T11:14:30Z
May Tam,67,152,F,48550,2020-08-23T01:01:30Z
David Tam,20,183,F,81631,2015-07-15T15:15:30Z
Kenny Chan,55,145,M,55922,2020-01-25T18:15:30Z
Kenny King,68,179,M,38382,2020-08-23T01:01:30Z
Steven Bohi,34,149,F,92730,2019-01-15T13:15:30Z
Kenny Wong,11,176,F,11450,2020-05-29T21:15:30Z
John Fisher,79,184,F,61330,2019-01-15T13:15:30Z
May Wong,58,186,F,76511,2020-08-23T01:01:30Z
Steven King,12,146,M,97192,2015-07-15T15:15:30Z
Barry Bohi,50,140,M,41951,2019-01-15T13:15:30Z
Steven Fisher,27,147,F,34097,2020-10-01T10:15:30Z
David Law,78,159,M,2954,2020-01-25T18:15:30Z
Kenny Fisher,78,165,M,60278,2020-05-29T21:15:30Z
Ben Wong,75,149,M,55466,2019-01-15T13:15:30Z
Tommy Wong,58,176,F,78776,2020-11-05T13:15:30Z
Vanessa Parker,76,149,M,36017,2020-05-29T21:15:30Z
David Tam,65,142,F,35133,2020-08-23T01:01:30Z
May Ling,76,176,F,35124,2020-09-01T13:15:30Z
Steven Fisher,77,142,F,87632,2020-09-01T13:15:30Z
Ben Chan,43,170,M,38322,2020-05-29T21:15:30Z
John Fisher,56,149,F,36507,2020-05-29T21:15:30Z
Ben Ginger,72,177,F,55897,2014-02-15T11:14:30Z
David Ginger,44,149,F,34345,2020-05-29T21:15:30Z
Steven Ginger,22,181,F,29354,2015-07-15T15:15:30Z
Steven Parker,67,147,F,85851,2014-02-15T11:14:30Z
David Law,12,170,F,68288,2020-10-01T10:15:30Z
Vanessa Fisher,23,170,F,90030,2015-07-15T15:15:30Z
May Ginger,68,172,F,97787,2020-09-01T13:15:30Z
Vanessa Ginger,53,153,M,2136,2020-05-29T21:15:30Z
May Law,70,186,M,4369,2015-07-15T15:15:30Z
Kenny Parker,62,154,M,7966,2014-02-15T11:14:30Z
Steven Bohi,25,145,F,9616,2020-01-25T18:15:30Z
Barry Law,78,179,M,508,2014-02-15T11:14:30Z
Tommy Bohi,24,190,F,62411,2020-10-01T10:15:30Z
Barry Ginger,32,190,F,49969,2014-02-15T11:14:30Z
Steven Law,15,144,M,19609,2020-01-25T18:15:30Z
Ben Ginger,31,184,M,84288,2020-08-23T01:01:30Z
May Ling,44,142,M,48943,2020-11-05T13:15:30Z
Tom Tam,14,166,M,84575,2020-08-23T01:01:30Z
Tommy Law,33,178,M,7279,2020-10-01T10:15:30Z
Kenny Bohi,14,186,M,56344,2020-08-23T01:01:30Z
May Chan,44,180,F,31289,2020-09-01T13:15:30Z
Tommy Tam,52,172,F,93692,2020-08-23T01:01:30Z
Vanessa Chan,69,171,M,64910,2019-01-15T13:15:30Z
David Bohi,68,183,F,69079,2019-01-15T13:15:30Z
Barry Ling,46,170,M,42348,2015-07-15T15:15:30Z
Vanessa King,75,171,F,1133,2020-08-23T01:01:30Z
Tommy Law,24,153,M,7650,2020-10-01T10:15:30Z
Ben Ling,36,166,F,2752,2020-08-23T01:01:30Z
May Bohi,58,159,F,39004,2020-05-29T21:15:30Z
Barry Fisher,44,176,M,94168,2020-10-01T10:15:30Z
Steven Chan,26,189,M,50971,2020-11-05T13:15:30Z
Tommy Parker,53,173,M,77182,2020-11-05T13:15:30Z
Ben Wong,29,154,F,8225,2015-07-15T15:15:30Z
John Fisher,35,148,F,12486,2020-11-05T13:15:30Z
Kenny Wong,18,179,F,18954,2020-10-01T10:15:30Z
May Wong,23,184,F,29988,2020-11-05T13:15:30Z
Barry Chan,40,174,F,49467,2020-01-25T18:15:30Z
Barry Chan,53,185,M,29774,2017-06-08T12:15:30Z
Tom Tam,57,146,F,57273,2020-11-05T13:15:30Z
Vanessa Law,41,152,M,25290,2015-07-15T15:15:30Z
John Fisher,47,148,F,28940,2015-07-15T15:15:30Z
Tommy Ginger,42,190,M,72649,2019-01-15T13:15:30Z
John Wong,43,185,F,47126,2020-10-01T10:15:30Z
David King,19,147,M,66979,2020-11-05T13:15:30Z
Vanessa Ginger,65,190,F,254,2019-01-15T13:15:30Z
John Bohi,68,176,M,6973,2019-01-15T13:15:30Z
May King,72,189,M,71778,2020-11-05T13:15:30Z
Kenny Law,46,162,F,1568,2020-08-23T01:01:30Z
May Bohi,77,163,M,80236,2020-05-29T21:15:30Z
Tom Wong,75,176,M,87289,2017-06-08T12:15:30Z
Vanessa Ginger,44,153,M,81209,2014-02-15T11:14:30Z
John Parker,80,146,F,82464,2020-10-01T10:15:30Z
Kenny Fisher,46,166,M,25310,2020-08-23T01:01:30Z
Kenny Bohi,33,152,M,43207,2020-05-29T21:15:30Z
Kenny Tam,56,155,M,67604,2015-07-15T15:15:30Z
Tom Fisher,14,141,F,32023,2020-01-25T18:15:30Z
John Law,43,159,F,27095,2014-02-15T11:14:30Z
May Ginger,34,171,M,2302,2015-07-15T15:15:30Z
May Parker,54,155,F,23862,2015-07-15T15:15:30Z
Ben Ginger,79,181,M,57544,2020-09-01T13:15:30Z
May Tam,76,167,M,85355,2014-02-15T11:14:30Z
Kenny Bohi,65,158,F,29478,2014-02-15T11:14:30Z
John Parker,42,171,F,12852,2020-11-05T13:15:30Z
David Tam,28,183,F,82675,2020-08-23T01:01:30Z
Vanessa Fisher,64,189,M,17291,2019-01-15T13:15:30Z
Tommy Ginger,26,148,F,85604,2020-01-25T18:15:30Z
John Chan,16,154,M,54278,2017-06-08T12:15:30Z
Kenny Chan,38,185,F,65056,2020-10-01T10:15:30Z
Steven Chan,64,143,F,62928,2020-09-01T13:15:30Z
Tom Ginger,16,146,M,80951,2019-01-15T13:15:30Z
John King,46,178,M,10810,2017-06-08T12:15:30Z
Tom King,39,185,F,17718,2014-02-15T11:14:30Z
Tommy Chan,69,164,F,27827,2017-06-08T12:15:30Z
John Fisher,22,190,M,92781,2019-01-15T13:15:30Z
May King,69,165,F,27538,2019-01-15T13:15:30Z
John Ginger,12,168,F,28608,2017-06-08T12:15:30Z
Barry Parker,13,159,F,98353,2017-06-08T12:15:30Z
Kenny Fisher,46,178,M,48186,2020-10-01T10:15:30Z
John Ling,22,165,F,65355,2014-02-15T11:14:30Z
May Ginger,65,147,F,40613,2020-11-05T13:15:30Z
Vanessa Parker,80,149,F,39527,2015-07-15T15:15:30Z
Ben Ling,60,183,F,63003,2014-02-15T11:14:30Z
Ben Tam,22,147,F,38596,2015-07-15T15:15:30Z
Tommy King,59,190,M,52550,2020-11-05T13:15:30Z
Steven Ling,19,188,M,22985,2020-11-05T13:15:30Z
John Chan,68,166,M,75696,2017-06-08T12:15:30Z
John Tam,56,165,M,67978,2020-10-01T10:15:30Z
Tommy Ling,28,149,M,72252,2020-09-01T13:15:30Z
May Bohi,58,148,M,41616,2020-10-01T10:15:30Z
David Ling,41,145,F,58590,2015-07-15T15:15:30Z
Ben Parker,16,146,M,89475,2014-02-15T11:14:30Z
David Law,21,190,F,84838,2017-06-08T12:15:30Z
John Fisher,30,188,M,3517,2017-06-08T12:15:30Z
Barry Law,30,189,F,69670,2020-05-29T21:15:30Z
May Tam,24,163,F,88188,2020-11-05T13:15:30Z
Barry Parker,79,151,F,90348,2015-07-15T15:15:30Z
Kenny King,41,187,F,58499,2014-02-15T11:14:30Z
Kenny Wong,56,178,F,46201,2020-10-01T10:15:30Z
David Law,52,182,F,71960,2020-10-01T10:15:30Z
David Parker,35,190,F,34752,2020-01-25T18:15:30Z
Vanessa Law,69,159,F,7980,2020-11-05T13:15:30Z
Ben Chan,51,143,M,77928,2015-07-15T15:15:30Z
Steven Fisher,55,148,F,75773,2020-10-01T10:15:30Z
Barry Fisher,25,178,M,62319,2015-07-15T15:15:30Z
Vanessa Chan,10,171,M,83432,2017-06-08T12:15:30Z
Barry Ling,10,159,F,12146,2020-09-01T13:15:30Z
Kenny King,42,175,F,24589,2014-02-15T11:14:30Z
Kenny Wong,18,157,F,45065,2015-07-15T15:15:30Z
Steven Chan,33,163,F,19411,2019-01-15T13:15:30Z
Steven Fisher,18,168,M,48380,2020-10-01T10:15:30Z
John Parker,33,148,M,9410,2020-10-01T10:15:30Z
David Ginger,10,165,M,30888,2014-02-15T11:14:30Z
David Law,33,145,F,49641,2020-11-05T13:15:30Z
John Bohi,22,159,F,13905,2020-10-01T10:15:30Z
Tommy Law,50,158,F,6052,2020-10-01T10:15:30Z
David Chan,10,150,F,79073,2017-06-08T12:15:30Z
Tom Tam,40,167,M,1130,2020-08-23T01:01:30Z
Steven Law,21,189,F,46027,2020-08-23T01:01:30Z
Tom Bohi,18,142,M,49868,2020-05-29T21:15:30Z
May Ginger,15,189,F,61164,2017-06-08T12:15:30Z
David Tam,30,169,F,45207,2017-06-08T12:15:30Z
Ben Law,75,176,F,6905,2014-02-15T11:14:30Z
Ben Ling,26,155,M,76368,2020-11-05T13:15:30Z
Vanessa Parker,51,189,F,85422,2019-01-15T13:15:30Z
John Law,56,180,F,7505,2020-08-23T01:01:30Z
Barry Law,14,166,M,20844,2020-11-05T13:15:30Z
Tom Fisher,74,162,M,84546,2017-06-08T12:15:30Z
Barry Wong,38,190,F,69015,2015-07-15T15:15:30Z
Kenny Ling,76,145,M,79763,2017-06-08T12:15:30Z
Ben Chan,62,184,F,77796,2020-11-05T13:15:30Z
Barry Bohi,57,147,M,88218,2015-07-15T15:15:30Z
Steven Parker,35,174,M,58460,2019-01-15T13:15:30Z
Vanessa Law,47,173,F,38961,2017-06-08T12:15:30Z
Steven Wong,29,141,M,38149,2020-09-01T13:15:30Z
May Ginger,24,179,F,23307,2015-07-15T15:15:30Z
Tom Bohi,79,145,M,36398,2020-10-01T10:15:30Z
David Wong,80,159,F,12906,2020-05-29T21:15:30Z
Tommy Bohi,19,181,M,38353,2017-06-08T12:15:30Z
Tom Wong,22,145,F,32872,2017-06-08T12:15:30Z
David Chan,30,189,F,82397,2020-05-29T21:15:30Z
Kenny Ginger,67,145,M,1477,2015-07-15T15:15:30Z
Ben King,60,176,M,36897,2019-01-15T13:15:30Z
Steven Wong,52,148,M,31608,2020-01-25T18:15:30Z
Kenny Wong,79,157,M,89081,2020-10-01T10:15:30Z
Tommy Chan,62,164,F,99262,2020-01-25T18:15:30Z
Vanessa Parker,34,180,F,2387,2020-01-25T18:15:30Z
Tom Tam,46,179,F,92593,2020-01-25T18:15:30Z
Barry Ginger,13,188,M,43656,2019-01-15T13:15:30Z
May Ling,79,183,M,58514,2020-10-01T10:15:30Z
Tommy Ling,20,179,M,15882,2020-05-29T21:15:30Z
Tommy Parker,70,157,F,90926,2015-07-15T15:15:30Z
May Tam,42,179,M,26033,2020-11-05T13:15:30Z
John Chan,71,152,F,2156,2020-08-23T01:01:30Z
Ben Ginger,52,148,M,3122,2020-10-01T10:15:30Z
John Law,28,170,M,51413,2020-08-23T01:01:30Z
Tom Wong,49,178,F,73171,2020-09-01T13:15:30Z
Barry King,49,182,F,14602,2019-01-15T13:15:30Z
Ben King,49,174,M,87272,2015-07-15T15:15:30Z
David King,44,175,M,31756,2020-05-29T21:15:30Z
May Fisher,62,163,F,82180,2019-01-15T13:15:30Z
John Wong,27,163,M,38253,2014-02-15T11:14:30Z
John Tam,29,142,M,57277,2015-07-15T15:15:30Z
May Wong,25,143,F,38179,2019-01-15T13:15:30Z
John Fisher,50,166,F,46443,2017-06-08T12:15:30Z
Kenny Tam,80,144,M,41164,2020-01-25T18:15:30Z
Tom Ginger,15,158,M,70593,2020-05-29T21:15:30Z
Vanessa Tam,41,158,F,14930,2020-01-25T18:15:30Z
May King,30,140,F,5374,2020-11-05T13:15:30Z
Tommy Ginger,14,143,M,76458,2020-11-05T13:15:30Z
Kenny Wong,10,144,M,34972,2020-01-25T18:15:30Z
Vanessa Fisher,45,185,F,47130,2020-08-23T01:01:30Z
Tommy Tam,23,186,F,76339,2020-05-29T21:15:30Z
David Ling,11,185,M,87375,2020-11-05T13:15:30Z
Tommy Wong,32,174,F,10695,2020-01-25T18:15:30Z
Ben Ling,30,158,M,39233,2020-05-29T21:15:30Z
Steven Fisher,11,160,M,18094,2017-06-08T12:15:30Z
John Ling,71,176,M,44911,2020-09-01T13:15:30Z
Vanessa Parker,71,156,M,46573,2020-01-25T18:15:30Z
Kenny Wong,64,178,M,24302,2020-11-05T13:15:30Z
Kenny Fisher,48,157,M,39302,2020-05-29T21:15:30Z
Ben Bohi,52,185,M,93803,2015-07-15T15:15:30Z
Tommy Bohi,21,141,M,38315,2015-07-15T15:15:30Z
Ben Chan,48,174,M,44554,2020-01-25T18:15:30Z
May Bohi,44,147,F,79759,2020-10-01T10:15:30Z
Ben Tam,74,177,F,29607,2019-01-15T13:15:30Z
Kenny Wong,48,146,F,50471,2020-10-01T10:15:30Z
Kenny Tam,19,187,M,35782,2020-11-05T13:15:30Z
Ben Parker,17,189,F,99968,2015-07-15T15:15:30Z
Vanessa King,13,163,F,4722,2020-08-23T01:01:30Z
Ben Wong,52,147,M,15168,2015-07-15T15:15:30Z
Barry Ling,37,185,M,56339,2020-08-23T01:01:30Z
Tom Law,42,150,F,93623,2020-01-25T18:15:30Z
May Ginger,65,147,F,6876,2015-07-15T15:15:30Z
David Law,80,150,M,57398,2019-01-15T13:15:30Z
John Tam,11,188,F,98744,2020-09-01T13:15:30Z
Tom Fisher,64,140,F,23952,2020-05-29T21:15:30Z
Vanessa Parker,79,175,M,2363,2020-09-01T13:15:30Z
John Bohi,71,143,M,49343,2020-10-01T10:15:30Z
Vanessa Parker,66,185,M,96320,2017-06-08T12:15:30Z
John Wong,74,169,M,83436,2020-08-23T01:01:30Z
Tommy Chan,26,179,F,62079,2014-02-15T11:14:30Z
Kenny Bohi,29,174,M,64162,2020-08-23T01:01:30Z
David Chan,65,183,M,12884,2020-10-01T10:15:30Z
Tommy Fisher,74,188,F,22307,2020-10-01T10:15:30Z
Vanessa Tam,34,181,F,45940,2020-11-05T13:15:30Z
Kenny Parker,31,189,M,45014,2020-01-25T18:15:30Z
Steven Ling,32,183,M,17595,2017-06-08T12:15:30Z
David Tam,74,175,F,67281,2019-01-15T13:15:30Z
David King,60,173,F,38246,2020-11-05T13:15:30Z
Ben Chan,61,175,M,12698,2020-09-01T13:15:30Z
John Bohi,44,156,M,50333,2019-01-15T13:15:30Z
Steven King,64,185,M,6805,2017-06-08T12:15:30Z
Tommy Chan,30,181,F,75436,2019-01-15T13:15:30Z
Ben Ginger,44,184,M,20525,2015-07-15T15:15:30Z
David Parker,34,189,F,31945,2020-01-25T18:15:30Z
Kenny King,77,189,F,91231,2020-11-05T13:15:30Z
Ben Bohi,56,175,M,53390,2020-10-01T10:15:30Z
Barry Tam,44,156,F,39811,2017-06-08T12:15:30Z
May Wong,54,147,M,51446,2014-02-15T11:14:30Z
Ben Ginger,45,170,M,51299,2017-06-08T12:15:30Z
Kenny Chan,65,179,F,64417,2017-06-08T12:15:30Z
Kenny Tam,19,186,F,99069,2019-01-15T13:15:30Z
Tom Tam,80,140,F,87883,2020-05-29T21:15:30Z
David Ginger,33,170,F,45473,2014-02-15T11:14:30Z
May Fisher,45,162,F,52473,2019-01-15T13:15:30Z
Ben Ginger,60,156,M,78556,2019-01-15T13:15:30Z
David Bohi,27,185,M,16941,2014-02-15T11:14:30Z
Tommy King,73,153,M,26528,2015-07-15T15:15:30Z
May King,62,174,M,91320,2020-01-25T18:15:30Z
Steven King,28,155,M,72034,2020-05-29T21:15:30Z
May Wong,59,171,F,36859,2017-06-08T12:15:30Z
Kenny Wong,79,140,F,86127,2020-05-29T21:15:30Z
Tommy Fisher,76,185,M,19243,2017-06-08T12:15:30Z
Vanessa Bohi,51,185,M,41358,2020-01-25T18:15:30Z
May Fisher,16,141,M,65414,2020-10-01T10:15:30Z
John Parker,49,181,F,26178,2017-06-08T12:15:30Z
Vanessa Chan,38,190,F,37881,2019-01-15T13:15:30Z
Barry Parker,65,175,M,82712,2017-06-08T12:15:30Z
Barry Ginger,39,163,M,17930,2020-11-05T13:15:30Z
Kenny Ginger,21,146,M,35540,2015-07-15T15:15:30Z
Kenny Parker,17,172,M,97370,2020-05-29T21:15:30Z
John Chan,12,178,F,31442,2019-01-15T13:15:30Z
Tom Wong,22,185,M,11817,2015-07-15T15:15:30Z
Vanessa King,31,153,F,30862,2020-01-25T18:15:30Z
Tom Ginger,33,153,M,28689,2014-02-15T11:14:30Z
John Fisher,40,155,M,91559,2020-08-23T01:01:30Z
Vanessa Tam,74,183,M,13440,2020-05-29T21:15:30Z
Tom Ginger,47,181,F,98060,2020-01-25T18:15:30Z
Vanessa Chan,34,167,M,95930,2019-01-15T13:15:30Z
John King,57,158,M,52611,2020-08-23T01:01:30Z
Steven Bohi,57,143,F,48440,2019-01-15T13:15:30Z
David Tam,47,164,F,90365,2020-10-01T10:15:30Z
Ben Fisher,15,144,M,3703,2020-11-05T13:15:30Z
Tommy Fisher,21,189,M,79694,2020-09-01T13:15:30Z
Vanessa Ginger,13,186,M,93727,2019-01-15T13:15:30Z
Steven Parker,31,144,M,63217,2020-11-05T13:15:30Z
Steven Chan,59,157,F,12799,2020-11-05T13:15:30Z
Barry King,47,187,F,8849,2020-11-05T13:15:30Z
May Law,69,152,F,20505,2020-05-29T21:15:30Z
Kenny Ginger,13,171,F,59627,2017-06-08T12:15:30Z
Tommy Tam,11,174,F,30242,2020-05-29T21:15:30Z
Steven Bohi,24,154,F,4947,2015-07-15T15:15:30Z
Tom Bohi,71,140,M,12969,2020-11-05T13:15:30Z
John Fisher,77,171,F,88799,2020-08-23T01:01:30Z
Ben Ling,69,167,F,12025,2017-06-08T12:15:30Z
Kenny Wong,76,170,M,52172,2020-09-01T13:15:30Z
Vanessa Ling,29,144,F,13188,2020-01-25T18:15:30Z
Kenny Wong,26,164,M,91987,2020-10-01T10:15:30Z
Vanessa Law,77,167,M,93718,2020-01-25T18:15:30Z
John Ginger,43,145,F,87154,2020-11-05T13:15:30Z
Steven Law,49,160,F,18138,2014-02-15T11:14:30Z
Barry Tam,50,150,M,71463,2019-01-15T13:15:30Z
Vanessa Ginger,48,154,F,40677,2020-10-01T10:15:30Z
John Bohi,27,173,M,26484,2020-05-29T21:15:30Z
John Parker,54,171,M,61664,2014-02-15T11:14:30Z
Ben Wong,35,169,F,65684,2020-10-01T10:15:30Z
May Law,28,164,F,7088,2020-05-29T21:15:30Z
May Wong,62,140,F,23402,2020-11-05T13:15:30Z
May Tam,48,173,F,44729,2020-10-01T10:15:30Z
Barry King,11,164,F,8251,2020-05-29T21:15:30Z
Vanessa Bohi,56,178,F,39826,2020-01-25T18:15:30Z
Tom Wong,17,159,F,17845,2020-09-01T13:15:30Z
May Fisher,75,145,M,7823,2020-09-01T13:15:30Z
Barry Wong,32,157,M,44755,2020-08-23T01:01:30Z
Steven Ling,71,180,M,73775,2019-01-15T13:15:30Z
Steven King,35,155,M,7389,2020-05-29T21:15:30Z
May Wong,56,187,M,86871,2015-07-15T15:15:30Z
Steven Wong,56,185,M,41102,2015-07-15T15:15:30Z
Ben Ginger,48,159,M,49912,2015-07-15T15:15:30Z
John Law,12,182,F,84827,2014-02-15T11:14:30Z
Barry Parker,59,164,M,94959,2020-11-05T13:15:30Z
Kenny Parker,54,154,M,96202,2020-01-25T18:15:30Z
Barry Bohi,46,177,M,19046,2020-05-29T21:15:30Z
Tom Bohi,80,163,M,70761,2017-06-08T12:15:30Z
John Fisher,47,160,F,51280,2020-05-29T21:15:30Z
John Ginger,79,153,M,12511,2020-11-05T13:15:30Z
Tom Wong,36,144,F,77162,2019-01-15T13:15:30Z
Tommy Law,14,146,M,34676,2014-02-15T11:14:30Z
May Law,57,172,F,5715,2015-07-15T15:15:30Z
Tommy Parker,48,183,M,74548,2015-07-15T15:15:30Z
Tommy Law,26,157,M,17962,2020-09-01T13:15:30Z
Barry Chan,62,186,F,12079,2020-01-25T18:15:30Z
Kenny Law,47,177,F,5057,2020-09-01T13:15:30Z
Ben Wong,53,181,M,56828,2020-05-29T21:15:30Z
Tom Ling,59,157,M,40732,2015-07-15T15:15:30Z
Steven Chan,80,170,M,76597,2020-09-01T13:15:30Z
Vanessa Chan,70,176,F,8697,2020-08-23T01:01:30Z
Barry Tam,62,150,M,80010,2014-02-15T11:14:30Z
Barry King,31,144,F,16031,2020-05-29T21:15:30Z
David Ling,57,155,F,24634,2019-01-15T13:15:30Z
Tommy Fisher,26,170,M,89590,2020-05-29T21:15:30Z
May Wong,65,159,M,30962,2019-01-15T13:15:30Z
May Wong,78,167,F,14144,2020-08-23T01:01:30Z
Tommy Ling,35,169,F,3404,2019-01-15T13:15:30Z
David Tam,60,186,F,17196,2015-07-15T15:15:30Z
David Tam,31,156,M,8384,2020-09-01T13:15:30Z
Kenny King,23,188,M,78811,2020-11-05T13:15:30Z
Barry Law,39,187,M,11093,2020-11-05T13:15:30Z
Tom Law,29,160,F,67939,2020-09-01T13:15:30Z
Steven Ling,10,152,F,25723,2020-09-01T13:15:30Z
Ben Bohi,69,159,M,32445,2020-11-05T13:15:30Z
Ben Chan,56,159,F,22645,2020-05-29T21:15:30Z
Kenny King,22,171,F,5475,2020-01-25T18:15:30Z
David Chan,23,159,M,27597,2020-08-23T01:01:30Z
Tommy Chan,49,149,F,47100,2020-05-29T21:15:30Z
David Ling,46,178,M,36333,2015-07-15T15:15:30Z
Kenny Tam,52,146,F,62111,2020-11-05T13:15:30Z
Steven Ginger,31,175,M,74638,2020-11-05T13:15:30Z
May Bohi,19,182,M,53536,2020-10-01T10:15:30Z
Kenny Parker,53,169,M,79530,2020-01-25T18:15:30Z
Steven King,15,184,F,48305,2020-05-29T21:15:30Z
Tommy Tam,24,148,M,11426,2020-01-25T18:15:30Z
David King,31,146,F,59180,2017-06-08T12:15:30Z
Ben Chan,72,143,F,67960,2020-11-05T13:15:30Z
Steven Ginger,48,141,F,31558,2020-11-05T13:15:30Z
Tommy Wong,73,158,F,81103,2014-02-15T11:14:30Z
Tommy Parker,61,167,F,81277,2020-01-25T18:15:30Z
May Law,38,176,F,47786,2020-10-01T10:15:30Z
Tom Chan,62,162,F,66192,2020-08-23T01:01:30Z
Barry Ginger,62,151,M,49988,2020-01-25T18:15:30Z
Tommy Bohi,40,141,M,88213,2017-06-08T12:15:30Z
May Chan,32,145,M,16313,2020-08-23T01:01:30Z
May Ginger,34,140,M,32391,2019-01-15T13:15:30Z
John Ginger,21,173,M,80502,2020-09-01T13:15:30Z
Barry Fisher,44,157,M,62283,2020-09-01T13:15:30Z
Steven King,41,147,F,52369,2015-07-15T15:15:30Z
John Tam,30,156,F,74093,2020-01-25T18:15:30Z
Kenny King,23,177,F,82521,2020-09-01T13:15:30Z
Tom Fisher,63,163,F,29842,2020-11-05T13:15:30Z
Ben Ginger,70,152,M,53844,2020-11-05T13:15:30Z
Vanessa Law,35,174,F,14113,2020-01-25T18:15:30Z
Kenny Ling,31,174,F,43423,2020-05-29T21:15:30Z
Tom Parker,25,173,M,21617,2020-09-01T13:15:30Z
David Ginger,10,169,F,1006,2017-06-08T12:15:30Z
Kenny Wong,48,186,M,14693,2020-09-01T13:15:30Z
Steven Tam,16,170,M,17709,2020-11-05T13:15:30Z
Steven King,38,163,F,17097,2020-09-01T13:15:30Z
Barry Parker,70,155,F,42310,2019-01-15T13:15:30Z
David Ginger,15,148,M,99096,2020-10-01T10:15:30Z
May King,16,144,F,94523,2020-05-29T21:15:30Z
Steven Law,30,176,F,46324,2020-01-25T18:15:30Z
John Chan,57,153,F,70952,2020-10-01T10:15:30Z
Vanessa Parker,31,150,M,10496,2019-01-15T13:15:30Z
Ben Wong,35,143,F,56902,2020-10-01T10:15:30Z
May Wong,61,140,M,71407,2020-11-05T13:15:30Z
Kenny Fisher,56,153,M,44599,2020-05-29T21:15:30Z
May Parker,21,158,M,99058,2020-11-05T13:15:30Z
Tom Parker,16,148,F,76518,2020-08-23T01:01:30Z
David Tam,57,167,M,286,2015-07-15T15:15:30Z
Steven Bohi,21,178,M,30612,2017-06-08T12:15:30Z
Ben Ling,31,165,M,75606,2019-01-15T13:15:30Z
Vanessa Bohi,57,173,M,30139,2017-06-08T12:15:30Z
May Fisher,20,186,M,16529,2017-06-08T12:15:30Z
Ben Fisher,75,173,F,48630,2020-01-25T18:15:30Z
David Ling,59,171,F,39239,2020-11-05T13:15:30Z
May Tam,22,164,M,7876,2020-08-23T01:01:30Z
John King,17,171,M,16067,2020-10-01T10:15:30Z
David Wong,28,189,F,39061,2019-01-15T13:15:30Z
Tom Wong,45,175,F,97348,2015-07-15T15:15:30Z
Tom Tam,37,190,F,69324,2014-02-15T11:14:30Z
David Chan,39,170,M,32798,2020-05-29T21:15:30Z
Ben Parker,19,151,M,26704,2020-05-29T21:15:30Z
John Parker,54,183,F,15058,2020-09-01T13:15:30Z
Kenny Tam,26,180,M,26653,2020-09-01T13:15:30Z
Tommy Wong,79,179,F,653,2020-01-25T18:15:30Z
Ben King,12,180,F,35633,2014-02-15T11:14:30Z
Ben King,26,165,M,99622,2015-07-15T15:15:30Z
John Fisher,71,171,M,20104,2015-07-15T15:15:30Z
David Law,48,163,F,46483,2020-05-29T21:15:30Z
David Law,14,188,F,90686,2020-11-05T13:15:30Z
Steven Chan,44,168,M,68071,2019-01-15T13:15:30Z
Barry Ginger,56,190,M,86084,2020-11-05T13:15:30Z
Tommy Law,32,141,M,63455,2015-07-15T15:15:30Z
John Parker,63,149,M,84390,2020-08-23T01:01:30Z
John Fisher,75,140,F,42611,2017-06-08T12:15:30Z
John King,26,166,F,5549,2015-07-15T15:15:30Z
May Bohi,18,184,M,96435,2020-11-05T13:15:30Z
Tommy Ling,74,177,M,96256,2020-05-29T21:15:30Z
David Ling,49,186,M,70149,2017-06-08T12:15:30Z
Barry Parker,15,151,M,5869,2020-11-05T13:15:30Z
Tommy Ginger,66,173,F,82960,2020-08-23T01:01:30Z
Tom Fisher,29,148,M,12805,2020-10-01T10:15:30Z
Tom Tam,18,177,F,69110,2015-07-15T15:15:30Z
David Ginger,64,184,M,19490,2020-10-01T10:15:30Z
Tommy Ling,24,174,F,15773,2020-09-01T13:15:30Z
John King,26,178,M,5490,2020-01-25T18:15:30Z
Kenny Wong,45,171,F,66988,2020-10-01T10:15:30Z
Kenny Ling,24,145,F,73295,2020-09-01T13:15:30Z
Vanessa Wong,36,176,M,56437,2020-11-05T13:15:30Z
Vanessa Bohi,29,177,F,11778,2015-07-15T15:15:30Z
Ben Bohi,79,150,F,63249,2015-07-15T15:15:30Z
Ben Ling,28,141,F,74878,2014-02-15T11:14:30Z
Barry Ling,72,155,M,72969,2014-02-15T11:14:30Z
Barry Wong,60,169,F,36331,2020-11-05T13:15:30Z
Barry Chan,20,145,M,98788,2020-01-25T18:15:30Z
Tommy Chan,80,149,F,30363,2017-06-08T12:15:30Z
Barry Ling,36,166,M,65811,2020-11-05T13:15:30Z
Ben Law,71,146,F,29994,2019-01-15T13:15:30Z
Barry Ling,52,142,M,99941,2020-05-29T21:15:30Z
John Bohi,47,158,M,97993,2020-08-23T01:01:30Z
May Parker,50,171,M,47099,2020-05-29T21:15:30Z
David King,47,148,F,40244,2019-01-15T13:15:30Z
May Wong,43,158,M,16708,2019-01-15T13:15:30Z
Barry Chan,55,170,M,19702,2020-08-23T01:01:30Z
John Tam,25,160,M,47791,2017-06-08T12:15:30Z
Ben Ling,16,190,M,44645,2015-07-15T15:15:30Z
Vanessa Wong,61,155,F,66618,2020-08-23T01:01:30Z
Vanessa Ginger,67,173,M,75895,2020-10-01T10:15:30Z
May Bohi,15,155,F,89631,2020-05-29T21:15:30Z
Tommy Parker,56,144,F,5744,2020-05-29T21:15:30Z
Vanessa Ginger,41,171,M,25493,2017-06-08T12:15:30Z
David Fisher,25,166,M,6853,2020-11-05T13:15:30Z
David Ginger,15,153,F,28756,2020-08-23T01:01:30Z
Vanessa Tam,24,160,M,75317,2020-09-01T13:15:30Z
David Parker,11,142,M,95726,2015-07-15T15:15:30Z
Ben Bohi,77,174,M,53118,2020-09-01T13:15:30Z
Kenny Ling,66,176,M,6788,2020-11-05T13:15:30Z
Tom Law,77,173,F,60782,2020-11-05T13:15:30Z
Barry Wong,37,160,M,68198,2020-09-01T13:15:30Z
Tommy Law,61,168,M,23633,2020-01-25T18:15:30Z
John King,69,168,M,11729,2020-08-23T01:01:30Z
Tom Wong,10,160,M,42434,2020-01-25T18:15:30Z
Vanessa Wong,56,168,F,84237,2020-09-01T13:15:30Z
Vanessa Wong,36,165,M,23384,2020-10-01T10:15:30Z
Vanessa Fisher,50,183,F,33405,2020-09-01T13:15:30Z
David Law,26,152,F,50204,2014-02-15T11:14:30Z
David Ginger,64,160,F,85351,2014-02-15T11:14:30Z
Steven Fisher,53,177,M,10575,2020-10-01T10:15:30Z
Tom Fisher,25,149,F,85827,2020-08-23T01:01:30Z
Vanessa Tam,10,177,M,34893,2014-02-15T11:14:30Z
David Tam,32,146,F,69075,2019-01-15T13:15:30Z
David Chan,78,140,M,30985,2020-08-23T01:01:30Z
John Law,33,164,F,34255,2015-07-15T15:15:30Z
Barry Fisher,22,151,M,69143,2020-10-01T10:15:30Z
John Chan,21,177,M,39781,2020-05-29T21:15:30Z
Kenny Ginger,43,142,F,43973,2020-05-29T21:15:30Z
Ben Chan,70,141,M,2108,2014-02-15T11:14:30Z
Ben Parker,29,178,F,88152,2020-05-29T21:15:30Z
Tom Tam,64,172,M,89230,2020-09-01T13:15:30Z
Ben Parker,64,165,M,108,2014-02-15T11:14:30Z
Vanessa Law,80,184,M,11927,2020-10-01T10:15:30Z
May King,79,155,M,73371,2017-06-08T12:15:30Z
Barry Tam,39,165,F,44008,2015-07-15T15:15:30Z
Barry Wong,75,187,M,40321,2020-11-05T13:15:30Z
Tommy Tam,14,165,M,11258,2020-05-29T21:15:30Z
Ben Bohi,11,153,M,13575,2020-05-29T21:15:30Z
Tommy Chan,14,161,F,6003,2015-07-15T15:15:30Z
Ben Law,40,165,F,69462,2015-07-15T15:15:30Z
Vanessa Parker,32,179,F,68015,2017-06-08T12:15:30Z
Kenny Ginger,19,145,F,45060,2014-02-15T11:14:30Z
May Ling,40,150,M,1447,2014-02-15T11:14:30Z
Tom Bohi,77,177,M,26202,2017-06-08T12:15:30Z
Vanessa Law,73,170,F,86074,2015-07-15T15:15:30Z
David Wong,76,179,F,49578,2020-11-05T13:15:30Z
May Bohi,26,166,F,47945,2020-09-01T13:15:30Z
Ben Ling,54,159,M,79568,2014-02-15T11:14:30Z
May Tam,21,147,M,67339,2020-08-23T01:01:30Z
Steven Parker,21,154,F,97844,2017-06-08T12:15:30Z
Vanessa Bohi,20,189,F,58958,2017-06-08T12:15:30Z
Vanessa Fisher,51,141,M,42713,2017-06-08T12:15:30Z
David Bohi,77,145,F,25735,2020-01-25T18:15:30Z
John Ling,74,143,M,24671,2020-10-01T10:15:30Z
Vanessa King,47,162,M,27617,2020-08-23T01:01:30Z
Steven Fisher,34,183,F,51649,2020-08-23T01:01:30Z
Ben Tam,34,182,M,33754,2017-06-08T12:15:30Z
Vanessa Bohi,28,140,F,35884,2020-09-01T13:15:30Z
Tommy Ginger,26,179,F,29161,2015-07-15T15:15:30Z
Ben King,78,164,M,64358,2015-07-15T15:15:30Z
John Wong,35,144,F,4894,2019-01-15T13:15:30Z
Tom Ginger,38,186,F,13500,2020-11-05T13:15:30Z
Barry Bohi,73,189,M,7017,2017-06-08T12:15:30Z
John Fisher,25,176,M,78198,2014-02-15T11:14:30Z
Kenny Law,28,190,M,60068,2020-11-05T13:15:30Z
David King,21,146,F,36508,2015-07-15T15:15:30Z
Ben Wong,54,182,F,30473,2015-07-15T15:15:30Z
Tommy Ling,39,176,F,5995,2020-08-23T01:01:30Z
Barry Parker,40,190,F,10249,2020-05-29T21:15:30Z
Steven Chan,45,190,F,29505,2015-07-15T15:15:30Z
Tom Parker,67,170,M,20799,2020-11-05T13:15:30Z
Barry Parker,57,149,M,83984,2017-06-08T12:15:30Z
Barry Fisher,48,185,F,7776,2017-06-08T12:15:30Z
Vanessa Wong,57,145,F,87351,2020-01-25T18:15:30Z
Vanessa Tam,40,150,F,99907,2020-08-23T01:01:30Z
Ben Parker,51,144,F,85375,2020-11-05T13:15:30Z
Tom Parker,65,152,M,57792,2020-05-29T21:15:30Z
Tommy Chan,58,190,F,73947,2020-09-01T13:15:30Z
Steven Wong,69,145,M,51896,2014-02-15T11:14:30Z
Ben Ling,59,150,M,81466,2020-10-01T10:15:30Z
Vanessa Ling,17,179,M,56086,2020-10-01T10:15:30Z
May Fisher,49,162,M,51832,2020-10-01T10:15:30Z
Steven Fisher,13,148,F,20090,2020-11-05T13:15:30Z
Barry King,77,146,M,67224,2020-09-01T13:15:30Z
David Chan,69,172,F,1540,2020-11-05T13:15:30Z
Barry Chan,53,161,F,80861,2017-06-08T12:15:30Z
Tommy Law,39,184,F,75277,2017-06-08T12:15:30Z
Tom King,50,152,F,5714,2020-09-01T13:15:30Z
Kenny Wong,38,188,M,71920,2014-02-15T11:14:30Z
Barry King,41,181,M,38843,2019-01-15T13:15:30Z
May Ginger,49,184,F,75869,2017-06-08T12:15:30Z
Ben Ginger,72,185,F,9992,2017-06-08T12:15:30Z
Tom King,50,163,M,54673,2019-01-15T13:15:30Z
Tom Ling,60,165,M,15789,2017-06-08T12:15:30Z
Steven Bohi,19,169,M,44187,2019-01-15T13:15:30Z
May Wong,29,182,M,13551,2020-05-29T21:15:30Z
Steven Bohi,79,177,F,49232,2020-01-25T18:15:30Z
David Law,37,176,M,14739,2020-01-25T18:15:30Z
Tom Fisher,49,171,F,53476,2020-10-01T10:15:30Z
David Chan,13,185,M,72911,2015-07-15T15:15:30Z
Tommy Law,55,172,F,52321,2020-05-29T21:15:30Z
John Ginger,36,142,F,46102,2020-09-01T13:15:30Z
Tommy Fisher,18,176,F,11571,2019-01-15T13:15:30Z
Barry Fisher,54,163,M,3588,2020-11-05T13:15:30Z
Tom Chan,26,181,M,19920,2020-05-29T21:15:30Z
Steven Wong,46,162,F,62560,2017-06-08T12:15:30Z
David Wong,32,156,M,28117,2020-08-23T01:01:30Z
John Parker,40,140,M,32331,2020-10-01T10:15:30Z
David Tam,27,168,F,48381,2017-06-08T12:15:30Z
Vanessa Tam,12,188,F,19156,2015-07-15T15:15:30Z
Barry Ginger,53,154,F,32781,2020-09-01T13:15:30Z
Kenny Chan,47,186,M,416,2020-01-25T18:15:30Z
John Law,43,186,M,54420,2017-06-08T12:15:30Z
Kenny Law,73,169,M,69173,2020-05-29T21:15:30Z
David King,35,184,F,73340,2019-01-15T13:15:30Z
May Parker,12,186,M,33279,2020-11-05T13:15:30Z
Barry Tam,69,145,F,67859,2020-09-01T13:15:30Z
Steven Chan,54,148,M,31618,2014-02-15T11:14:30Z
Ben King,57,166,F,29390,2017-06-08T12:15:30Z
Barry Chan,50,164,F,13288,2015-07-15T15:15:30Z
Tom Ling,71,186,M,85572,2020-01-25T18:15:30Z
May Tam,61,152,F,81436,2020-08-23T01:01:30Z
Barry Parker,55,164,F,99148,2014-02-15T11:14:30Z
Vanessa Parker,67,170,M,91273,2019-01-15T13:15:30Z
John Parker,59,147,F,1836,2020-09-01T13:15:30Z
Barry Wong,20,184,M,86563,2020-08-23T01:01:30Z
Tommy Wong,76,178,F,4406,2014-02-15T11:14:30Z
Ben Fisher,34,187,M,57999,2019-01-15T13:15:30Z
Steven Tam,23,148,F,97818,2019-01-15T13:15:30Z
Vanessa Bohi,43,185,M,58638,2020-09-01T13:15:30Z
May King,72,182,F,23335,2020-11-05T13:15:30Z
John Chan,69,162,F,51565,2017-06-08T12:15:30Z
David Wong,49,170,M,99445,2020-10-01T10:15:30Z
Ben Ling,14,156,M,5961,2019-01-15T13:15:30Z
May Parker,30,150,F,390,2020-11-05T13:15:30Z
Barry Wong,28,159,M,87527,2015-07-15T15:15:30Z
Tommy Ling,21,160,M,64967,2017-06-08T12:15:30Z
David Chan,74,149,F,55467,2015-07-15T15:15:30Z
Ben Fisher,79,184,F,3638,2019-01-15T13:15:30Z
Tommy Ling,66,146,F,39689,2020-05-29T21:15:30Z
Ben King,52,164,M,74200,2020-05-29T21:15:30Z
Vanessa Chan,27,173,F,83979,2020-05-29T21:15:30Z
Kenny Tam,16,168,F,12523,2020-01-25T18:15:30Z
May Bohi,36,142,F,87594,2017-06-08T12:15:30Z
Vanessa Law,68,140,F,18125,2020-05-29T21:15:30Z
Steven Tam,53,157,M,46229,2017-06-08T12:15:30Z
Steven Tam,79,187,M,13344,2020-10-01T10:15:30Z
Kenny King,32,181,M,558,2020-10-01T10:15:30Z
Barry Wong,14,159,F,66694,2020-09-01T13:15:30Z
Tom Parker,36,174,F,50741,2020-01-25T18:15:30Z
Barry Chan,27,184,F,29367,2020-08-23T01:01:30Z
May Bohi,59,144,M,96510,2020-08-23T01:01:30Z
Barry Ling,41,170,F,15004,2020-05-29T21:15:30Z
Barry Fisher,23,186,F,19441,2020-10-01T10:15:30Z
David Ginger,23,181,M,69296,2020-08-23T01:01:30Z
Vanessa Ginger,74,147,F,43766,2020-08-23T01:01:30Z
Kenny Fisher,35,160,F,18565,2019-01-15T13:15:30Z
John Ginger,14,177,M,47021,2020-05-29T21:15:30Z
Tom Fisher,24,150,M,27718,2014-02-15T11:14:30Z
Tommy Ginger,32,172,M,92192,2020-01-25T18:15:30Z
Steven Bohi,32,183,F,21267,2020-10-01T10:15:30Z
Barry Bohi,46,148,M,27045,2020-11-05T13:15:30Z
Kenny Wong,66,157,F,86080,2020-08-23T01:01:30Z
Ben Fisher,39,150,F,43345,2020-10-01T10:15:30Z
Tommy Ginger,59,170,F,16915,2020-10-01T10:15:30Z
Barry Law,40,179,M,38609,2014-02-15T11:14:30Z
May Tam,16,145,M,67684,2020-05-29T21:15:30Z
Kenny Parker,21,142,M,55021,2020-10-01T10:15:30Z
May Parker,74,176,M,43515,2020-10-01T10:15:30Z
Ben King,36,159,F,89278,2015-07-15T15:15:30Z
David Law,20,153,F,13781,2015-07-15T15:15:30Z
John Ginger,64,149,M,21344,2020-08-23T01:01:30Z
David Law,18,150,F,35782,2020-09-01T13:15:30Z
Barry Bohi,25,171,F,14772,2015-07-15T15:15:30Z
Kenny Fisher,19,189,F,97632,2014-02-15T11:14:30Z
Ben Chan,10,178,M,31346,2019-01-15T13:15:30Z
John Ginger,71,167,M,22813,2014-02-15T11:14:30Z
May Tam,58,188,M,81018,2017-06-08T12:15:30Z
Ben Tam,74,142,M,34690,2020-08-23T01:01:30Z
John Bohi,57,141,F,84617,2020-01-25T18:15:30Z
Steven Tam,26,180,F,91561,2020-05-29T21:15:30Z
Tommy Ginger,56,164,F,52687,2020-08-23T01:01:30Z
David Ling,29,173,M,47095,2020-01-25T18:15:30Z
Steven Chan,50,182,M,8661,2014-02-15T11:14:30Z
David Fisher,38,167,M,83544,2015-07-15T15:15:30Z
Ben Tam,65,176,M,85136,2020-08-23T01:01:30Z
Tommy Wong,68,151,F,90090,2017-06-08T12:15:30Z
Steven Parker,67,156,M,85595,2020-08-23T01:01:30Z
David King,75,176,F,38788,2014-02-15T11:14:30Z
Ben Ginger,68,181,F,33562,2020-05-29T21:15:30Z
Steven Wong,63,147,F,27237,2020-11-05T13:15:30Z
John Chan,52,163,F,65439,2020-09-01T13:15:30Z
Vanessa Fisher,50,162,M,19977,2017-06-08T12:15:30Z
Tommy Law,22,141,M,65971,2014-02-15T11:14:30Z
John King,20,158,M,19606,2020-08-23T01:01:30Z
May Wong,11,143,F,32957,2020-08-23T01:01:30Z
Vanessa Bohi,19,174,M,78207,2017-06-08T12:15:30Z
David Ginger,40,156,M,29176,2017-06-08T12:15:30Z
David Wong,15,178,M,75657,2015-07-15T15:15:30Z
Tommy Fisher,31,173,M,16020,2020-09-01T13:15:30Z
David Chan,24,143,M,34380,2020-10-01T10:15:30Z
Steven Wong,64,187,F,82808,2014-02-15T11:14:30Z
Steven Wong,22,142,M,59912,2020-01-25T18:15:30Z
Kenny Parker,23,177,F,73670,2017-06-08T12:15:30Z
Kenny Parker,19,141,F,85879,2020-05-29T21:15:30Z
David Chan,63,184,F,34118,2020-11-05T13:15:30Z
Vanessa Wong,52,149,F,50425,2020-08-23T01:01:30Z
Tommy Wong,16,141,M,90803,2020-11-05T13:15:30Z
Tommy King,50,153,F,68627,2020-10-01T10:15:30Z
Vanessa Law,33,148,M,27722,2020-11-05T13:15:30Z
Ben Parker,76,150,F,32542,2020-05-29T21:15:30Z
Vanessa Parker,28,176,M,34531,2020-08-23T01:01:30Z
Kenny Fisher,46,164,F,12326,2017-06-08T12:15:30Z
Barry Bohi,31,145,F,18073,2020-08-23T01:01:30Z
Tom Law,14,167,M,11953,2019-01-15T13:15:30Z
Ben Parker,29,165,M,11517,2020-09-01T13:15:30Z
Tommy Bohi,45,154,M,72196,2019-01-15T13:15:30Z
Ben Ling,35,158,M,69404,2020-01-25T18:15:30Z
Tommy Bohi,45,166,F,63054,2020-11-05T13:15:30Z
David Ginger,49,145,M,60015,2019-01-15T13:15:30Z
Barry Ling,55,168,F,60749,2020-10-01T10:15:30Z
Ben King,23,153,F,97102,2019-01-15T13:15:30Z
Vanessa Wong,16,164,F,78402,2019-01-15T13:15:30Z
Kenny Fisher,72,169,M,56423,2015-07-15T15:15:30Z
John Ginger,66,181,M,51364,2020-11-05T13:15:30Z
Tommy Parker,26,173,F,31009,2020-08-23T01:01:30Z
May Bohi,75,162,F,85301,2015-07-15T15:15:30Z
Vanessa Parker,53,140,F,50234,2019-01-15T13:15:30Z
May Ling,28,152,F,62800,2020-10-01T10:15:30Z
Vanessa Law,53,173,F,54982,2017-06-08T12:15:30Z
May Tam,75,160,F,54437,2020-08-23T01:01:30Z
May Tam,68,182,F,66103,2017-06-08T12:15:30Z
Kenny Chan,45,157,M,4271,2015-07-15T15:15:30Z
Tommy Tam,14,185,F,6870,2017-06-08T12:15:30Z
May Wong,50,144,F,10483,2020-01-25T18:15:30Z
May King,52,155,M,2522,2015-07-15T15:15:30Z
Ben Tam,16,154,F,21875,2020-05-29T21:15:30Z
Steven Bohi,64,152,F,16063,2017-06-08T12:15:30Z
Barry Ginger,21,147,F,86353,2020-08-23T01:01:30Z
Vanessa Parker,15,162,M,96242,2020-10-01T10:15:30Z
Tommy Chan,48,155,F,74362,2019-01-15T13:15:30Z
Kenny Ginger,42,190,F,40589,2020-05-29T21:15:30Z
Kenny Chan,23,142,M,47933,2020-09-01T13:15:30Z
John Parker,44,183,F,26567,2020-10-01T10:15:30Z
Steven Parker,36,166,M,14720,2017-06-08T12:15:30Z
Ben Ling,11,149,M,37048,2017-06-08T12:15:30Z
John King,71,146,M,48047,2015-07-15T15:15:30Z
Ben Ginger,47,156,M,60474,2020-08-23T01:01:30Z
Barry Ginger,14,187,M,46350,2020-11-05T13:15:30Z
Vanessa Tam,35,145,F,74518,2020-09-01T13:15:30Z
Steven Tam,40,185,M,43663,2020-10-01T10:15:30Z
Tom Law,11,149,M,41750,2015-07-15T15:15:30Z
Vanessa Bohi,64,169,M,6892,2015-07-15T15:15:30Z
John Law,42,165,F,86017,2020-10-01T10:15:30Z
Tom Parker,29,143,M,68361,2020-01-25T18:15:30Z
Tom Wong,64,170,F,95414,2020-01-25T18:15:30Z
May Bohi,60,148,F,75842,2020-08-23T01:01:30Z
Vanessa Wong,17,181,F,17433,2020-08-23T01:01:30Z
Kenny Ginger,48,141,F,60587,2020-01-25T18:15:30Z
Ben Fisher,80,176,F,78637,2020-10-01T10:15:30Z
Tommy Fisher,26,156,M,49081,2015-07-15T15:15:30Z
May King,20,172,M,53718,2014-02-15T11:14:30Z
Kenny Fisher,22,186,F,72,2020-05-29T21:15:30Z
Steven Wong,43,176,M,80621,2017-06-08T12:15:30Z
Vanessa King,56,169,F,82694,2020-11-05T13:15:30Z
John Chan,31,175,F,65504,2015-07-15T15:15:30Z
David Wong,43,165,F,43610,2020-09-01T13:15:30Z
Tom Tam,14,165,F,62139,2014-02-15T11:14:30Z
Tom Ling,26,144,F,2186,2019-01-15T13:15:30Z
Ben Ling,23,169,M,74040,2020-08-23T01:01:30Z
Tommy Ginger,42,187,F,60521,2020-05-29T21:15:30Z
May Chan,61,181,F,5824,2020-05-29T21:15:30Z
David Law,14,177,F,84123,2020-10-01T10:15:30Z
Tommy Chan,80,187,F,4446,2020-10-01T10:15:30Z
Kenny Ginger,66,168,F,80477,2020-08-23T01:01:30Z
Steven Law,41,173,M,67410,2017-06-08T12:15:30Z
Vanessa Tam,76,158,M,7067,2015-07-15T15:15:30Z
Tommy Ginger,73,186,F,9673,2020-08-23T01:01:30Z
Barry Fisher,14,184,F,10918,2019-01-15T13:15:30Z
Steven Law,76,173,M,27092,2020-08-23T01:01:30Z
John Tam,54,149,M,3012,2014-02-15T11:14:30Z
John Parker,21,156,M,80293,2019-01-15T13:15:30Z
John Tam,65,168,F,15789,2020-05-29T21:15:30Z
Tom Parker,71,163,F,77753,2015-07-15T15:15:30Z
Ben Bohi,21,145,F,39276,2015-07-15T15:15:30Z
Steven Ling,37,156,M,274,2019-01-15T13:15:30Z
Tom Chan,25,141,M,2602,2020-09-01T13:15:30Z
Barry Law,80,154,F,75652,2019-01-15T13:15:30Z
Ben Ginger,70,165,F,84270,2015-07-15T15:15:30Z
David Fisher,18,164,M,88908,2020-08-23T01:01:30Z
Vanessa Ling,35,148,F,25679,2020-09-01T13:15:30Z
May King,76,190,F,22278,2020-08-23T01:01:30Z
May Parker,40,158,F,93781,2020-08-23T01:01:30Z
Tom Ling,47,144,F,92134,2019-01-15T13:15:30Z
John Wong,78,182,F,54146,2020-05-29T21:15:30Z
Ben King,26,156,M,46035,2020-10-01T10:15:30Z
Barry Fisher,71,172,M,75768,2017-06-08T12:15:30Z
Tom Wong,10,181,M,16071,2020-11-05T13:15:30Z
David Law,63,164,M,48522,2020-08-23T01:01:30Z
John Chan,48,141,F,16422,2020-09-01T13:15:30Z
May Fisher,51,180,M,91506,2020-09-01T13:15:30Z
Vanessa Chan,58,178,M,92294,2015-07-15T15:15:30Z
May Ginger,80,168,M,82566,2019-01-15T13:15:30Z
Tommy Ling,25,178,F,88644,2014-02-15T11:14:30Z
John Ginger,37,159,M,23354,2014-02-15T11:14:30Z
Vanessa Parker,58,167,M,94559,2020-08-23T01:01:30Z
Kenny Ling,57,174,M,60625,2020-05-29T21:15:30Z
Tom Fisher,59,148,M,56947,2014-02-15T11:14:30Z
Kenny Parker,64,164,M,22007,2014-02-15T11:14:30Z
David Tam,65,172,F,4500,2019-01-15T13:15:30Z
Kenny Ling,78,152,M,76082,2017-06-08T12:15:30Z
